Model,Type,Score
Custom Random Forest,mse,0.01887735993977278
Custom Random Forest,r2,0.5645505172050647
ChatGPT Random Forest,mse,0.01702248505881996
ChatGPT Random Forest,r2,0.6073374487536054
Sklearn Random Forest,mse,0.01647003649122807
Sklearn Random Forest,r2,0.6200809385104462
